Department,"Quartile 1
(25th %)","Quartile 2
(Median)","Quartile 3
(75th %)",,,,,,
Accounting,"$85,900","$95,159","$97,200",,,,,,
Business Development,"$72,650","$102,900","$136,500",,,,,,
Design,"$103,250","$155,500","$180,350",,,,,,
Human Resources,"$90,300","$94,800","$118,600",,,,,,
Production,"$77,900","$116,200","$142,950",,,,,,
,,,,,,,,,d
"Clearly ,there is financial mismanagement occurring in the Design Department.

At $155k, its median pay is much higher than that of the other departments.",,,,,,,,,
,,,,,,,,,
