id,dept_id,dept_name,name,salary
1,6,Production,"B****, Li*** N.",91100
2,4,Business Development,"C******, Jane G.",173900
3,3,Design,"E******, Ma* B.",163100
4,4,Business Development,"E******, Ba**** NMI.",71000
5,2,Human Resources,"P****, Ka** O.",111100
6,6,Production,"C******, Ca*** A.",80600
7,3,Design,"C******, Jane F.",117000
8,3,Design,"B****, Ba**** B.",178000
9,3,Design,"M****, Ka** D.",183600
10,6,Production,"B*****, Ma****** B.",116200
11,6,Production,"C****, St**** D.",159100
12,6,Business Development,"C****, Jo** T.",93500
13,4,Business Development,"D*****, Om** G.",59900
14,4,Business Development,"P****, Om** F.",74300
15,6,Production,"S*****, Jo** NMI.",139000
16,3,Design,"O***, Ka** O.",93800
17,5,Accounting,"B****, Li*** A.",75600
18,4,Business Development,"C******, Ma* B.",171000
19,4,Business Development,"D*****, Li*** P.",169400
20,4,Business Development,"C******, Ka** D.",102900
21,3,Design,"B****, Ca*** O.",175900
22,5,Accounting,"C****, St**** B.",94520.2014038942
23,3,Accounting,"A****, St**** T.",185800
24,5,Accounting,"B****, Ja*** P.",97200
25,6,Production,"D*****, Jo** B.",112400
26,5,Accounting,"B****, Ka** NMI.",85900
27,6,Production,"E******, Ph**** NMI.",168200
28,5,Accounting,"B****, Ph**** A.",115000
29,3,Design,"B*****, St**** G.",199800
30,2,Human Resources,"C******, Ma* O.",118600
31,6,Production,"S*****, Ph**** T.",71600
32,3,Design,"M****, Ca*** NMI.",170100
33,3,Design,"O***, St**** E.",189400
34,5,Accounting,"B*****, Ph**** B.",64900
35,4,Business Development,"A****, Ca*** D.",64200
36,5,Accounting,"B****, Jo** T.",111700
37,3,Design,"P****, Ma****** O.",182700
38,6,Production,"S******, St**** O.",136500
39,2,Human Resources,"P****, Jo* T.",90300
40,3,Design,"B*****, Ja*** N.",185000
41,6,Production,"C****, Ka** F.",130700
42,2,Human Resources,"A****, Li*** T.",90300
43,2,Human Resources,"A****, Jo** G.",82800
44,6,Production,"E******, Li*** N.",89100
45,5,Accounting,"D*****, Ni** B.",61400
46,6,Production,"E******, Om** P.",152100
47,5,Accounting,"C******, Ba**** A.",94520.2014038942
48,6,Production,"B*****, Ma* O.",75200
49,6,Production,"C******, Li*** G.",149300
50,4,Business Development,"C******, Jo** O.",53300
51,6,Production,"B*****, Ma****** A.",70100
52,3,Design,"D*****, Sa*** T.",100300
53,6,Production,"O***, Sa*** NMI.",59200
54,6,Production,"D*****, Jo* P.",72100
55,6,Production,"P****, Ka** B.",119900
56,3,Design,"A****, Ba**** N.",86900
57,3,Design,"B*****, Jane F.",128900
58,6,Production,"C******, Ph**** N.",90500
59,4,Business Development,"C******, Ka** T.",63700
60,4,Business Development,"D*****, Ca*** F.",78700
61,6,Production,"C******, Jane NMI.",137700
62,6,Production,"B****, Jane P.",156200
63,4,Business Development,"M****, Ba**** F.",104800
64,6,Production,"S******, Sa*** F.",132200
65,3,Design,"E******, Ni** P.",99400
66,5,Accounting,"C******, Ba**** D.",94520.2014038942
67,4,Business Development,"S******, Ca*** A.",123200
68,6,Production,"C******, Jo** B.",104100
69,2,Human Resources,"B****, Ph**** G.",94800
70,6,Production,"P****, Jane N.",149600
71,6,Production,"E******, Ri** B.",57300
72,6,Production,"C******, Sa*** N.",64500
73,6,Production,"B****, St**** F.",143600
74,3,Design,"C******, Ri** T.",92100
75,3,Design,"E******, Ca*** NMI.",128900
76,4,Business Development,"D*****, Ph**** P.",120300
77,5,Accounting,"B****, Om** P.",94520.2014038942
78,3,Design,"B****, Sa*** B.",106200
79,6,Production,"B****, Jane D.",64400
80,6,Production,"M****, Li*** B.",161600
81,3,Design,"C******, Ba**** E.",150800
82,2,Human Resources,"B****, Ca*** P.",131300
83,2,Human Resources,"A****, Ba**** G.",139600
84,3,Design,"S******, Ph**** F.",155500
85,6,Production,"B****, St**** B.",86700
86,2,Human Resources,"S******, Ni** D.",88700
87,6,Production,"O***, Ph**** B.",170800
88,4,Business Development,"C****, Jo* F.",165300
89,6,Production,"B****, Li*** F.",117100
90,6,Production,"O***, Ri** NMI.",90400
91,2,Business Development,"S*****, Om** G.",146600
92,4,Business Development,"D*****, Li*** F.",91700
93,4,Business Development,"P****, Jo* O.",126400
94,3,Design,"B****, Ja*** T.",200100
95,5,Accounting,"D*****, Sa*** O.",94520.2014038942
97,6,Production,"S******, Sa*** G.",65800
98,6,Production,"B*****, Jane A.",142300
99,3,Design,"B*****, Om** N.",92000
100,3,Design,"B****, Ma* A.",164100
